bench_id,lat,lon,score,reviews,positive_count,negative_count
5,40.79635489,-73.93501587,0.0,0,0,0
22,40.77857758,-73.97780087,0.0,0,0,0
26,40.84780043,-73.93781625,0.0,0,0,0
27,40.73042493,-73.98910887,0.0,6,0,0
31,40.714541,-73.991104,0.0,3,0,0
32,40.84924288,-73.93333526,0.0,5,3,3
35,40.801685,-73.95917,0.0,0,0,0
39,40.816879,-73.947646,0.0,0,0,0
40,40.74459759,-73.97617592,0.0,2,0,0
41,40.76003,-73.961472,0.0,0,0,0
42,40.747915,-74.004472,0.0,0,0,0
45,40.77617883,-73.95284453,0.0,5,0,0
53,40.82640226,-73.94689351,-2.0,5,2,3
55,40.845966,-73.937986,0.0,0,0,0
59,40.746935,-73.981651,0.0,0,0,0
62,40.80659306,-73.93851048,0.0,0,0,0
63,40.727264,-74.003497,0.0,0,0,0
65,40.73033677,-74.00265114,0.0,0,0,0
66,40.72408183,-73.97562312,0.0,0,0,0
69,40.824041,-73.948333,-2.0,5,2,3
77,40.817824,-73.960638,0.0,0,0,0
83,40.70474439,-74.00783641,0.0,0,0,0
86,40.837518,-73.938484,0.0,0,0,0
89,40.81507099,-73.93580088,0.0,0,0,0
98,40.80077634,-73.94014016,0.0,3,0,0
100,40.824656,-73.946491,-2.0,5,2,3
104,40.80801114,-73.9560673,0.0,0,0,0
114,40.72746067,-74.00810553,0.0,0,0,0
117,40.80314193,-73.94844156,0.0,0,0,0
121,40.74001249,-73.98617859,0.0,0,0,0
145,40.741268,-73.978607,0.0,0,0,0
146,40.818461,-73.96074,0.0,0,0,0
150,40.740584,-73.983506,6.0,5,3,0
155,40.86821622,-73.91896834,0.0,0,0,0
156,40.82945652,-73.94847529,0.0,1,0,0
158,40.816106,-73.95774,0.0,0,0,0
163,40.71354913,-74.01090115,2.5,4,1,0
170,40.86438204,-73.92908499,0.0,0,0,0
184,40.846593,-73.938201,0.0,0,0,0
189,40.7733098,-73.98240911,6.666666666666666,6,4,0
198,40.822764,-73.939818,0.0,0,0,0
200,40.77119391,-73.95337759,6.0,5,3,0
202,40.76201168,-73.9938716,0.0,0,0,0
210,40.71866751,-73.99518234,0.0,0,0,0
211,40.71875967,-73.99926339,0.0,0,0,0
213,40.72734115,-74.00563777,0.0,0,0,0
214,40.83431,-73.944927,5.0,10,5,0
218,40.72955289,-73.97475383,0.0,0,0,0
232,40.79098295,-73.97423485,0.0,0,0,0
245,40.84132565,-73.93864481,0.0,1,0,0
257,40.70578435,-74.00635878,0.0,0,0,0
260,40.82280969,-73.941593,0.0,0,0,0
270,40.82639641,-73.9501065,-2.0,5,2,3
273,40.79505012,-73.97349267,0.0,0,0,0
281,40.74825054,-73.98249195,6.0,10,6,0
283,40.79433485,-73.96658054,2.0,5,3,2
291,40.76898541,-73.95809181,0.0,6,0,0
296,40.82799259,-73.94572862,0.0,0,0,0
298,40.84915351,-73.93354936,0.0,5,3,3
303,40.768567,-73.992765,0.0,0,0,0
304,40.778874,-73.979996,0.0,0,0,0
306,40.8129536,-73.93786314,0.0,0,0,0
308,40.802437,-73.936583,2.0,5,2,1
309,40.740528,-73.983062,6.0,5,3,0
310,40.740894,-73.988311,0.0,5,0,0
315,40.751513,-73.986364,0.0,2,0,0
316,40.803105,-73.936649,2.0,5,2,1
322,40.78798464,-73.97493458,0.0,0,0,0
324,40.87614521,-73.90802031,0.0,0,0,0
335,40.77006704,-73.95418213,0.0,0,0,0
337,40.853999,-73.933934,0.0,0,0,0
342,40.8528897,-73.93126358,0.0,0,0,0
348,40.73401081,-73.97739438,0.0,0,0,0
349,40.85099401,-73.93265068,0.0,0,0,0
354,40.718434,-74.002814,0.0,0,0,0
365,40.835155,-73.94025972,0.0,6,2,2
366,40.79643624,-73.94812749,0.0,0,0,0
371,40.73472178,-73.97907026,0.0,0,0,0
373,40.72008719,-73.99428586,0.0,0,0,0
376,40.74245,-73.977411,0.0,0,0,0
379,40.757465,-73.993494,0.0,0,0,0
386,40.77379651,-73.9815688,0.0,0,0,0
389,40.70801221,-74.01289711,0.0,0,0,0
402,40.77878076,-73.97978059,0.0,0,0,0
413,40.778497,-73.982198,0.0,0,0,0
415,40.7672,-73.95968,0.0,2,0,0
423,40.713343,-73.998765,4.0,5,4,2
426,40.710786,-74.000828,0.0,0,0,0
429,40.82184435,-73.93870066,0.0,0,0,0
431,40.84894,-73.93305,0.0,5,3,3
434,40.78941606,-73.93983048,0.0,0,0,0
435,40.778098,-73.951961,0.0,0,0,0
446,40.73164535,-73.98219373,0.0,0,0,0
448,40.79223435,-73.9403822,0.0,0,0,0
449,40.7782125,-73.9516455,0.0,0,0,0
462,40.818478,-73.960758,0.0,0,0,0
463,40.7870238,-73.94492748,0.0,1,0,0
467,40.837642,-73.938684,0.0,0,0,0
472,40.79461689,-73.97142618,0.0,0,0,0
479,40.8664852,-73.92829288,0.0,0,0,0
480,40.80740658,-73.95306522,0.0,0,0,0
488,40.796153,-73.972401,0.0,0,0,0
497,40.740441,-73.982825,6.0,5,3,0
498,40.803267,-73.958008,0.0,0,0,0
504,40.74732,-73.985516,1.6666666666666665,6,1,0
509,40.79565401,-73.934332,0.0,0,0,0
513,40.76753411,-73.96206195,3.0,10,3,0
529,40.820506,-73.939685,0.0,0,0,0
530,40.771245,-73.993365,0.0,0,0,0
544,40.78037011,-73.97682905,0.0,0,0,0
547,40.77695973,-73.97969866,0.0,0,0,0
553,40.846189,-73.938262,0.0,0,0,0
561,40.776206,-73.976177,0.0,0,0,0
568,40.80015322,-73.93743205,0.0,3,0,0
569,40.77929746,-73.97386021,5.0,6,3,0
571,40.804147,-73.9371,0.0,0,0,0
576,40.79438409,-73.93642759,0.0,0,0,0
578,40.83135411,-73.9427346,0.0,0,0,0
588,40.78485836,-73.94678571,0.0,1,0,0
592,40.820526,-73.945515,0.0,0,0,0
593,40.8055342,-73.965483,2.0,5,4,3
597,40.846092,-73.938286,0.0,0,0,0
602,40.74194287,-73.99029054,0.0,0,0,0
608,40.76829997,-73.99080743,0.0,0,0,0
632,40.79194695,-73.96799901,0.0,0,0,0
635,40.801844,-73.931674,0.0,0,0,0
640,40.772593,-73.985858,3.333333333333333,12,5,1
642,40.79313967,-73.94596418,0.0,0,0,0
655,40.81740917,-73.95255899,0.0,0,0,0
656,40.79731348,-73.93628154,0.0,0,0,0
659,40.84930104,-73.93347352,0.0,5,3,3
661,40.817543,-73.959822,0.0,0,0,0
664,40.740374,-73.982718,6.0,5,3,0
676,40.839593,-73.94012,0.0,1,0,0
681,40.791783,-73.944357,0.0,0,0,0
685,40.74061287,-73.99332688,2.0,5,2,1
686,40.81111378,-73.95406649,0.0,0,0,0
687,40.77934687,-73.95053249,0.0,0,0,0
691,40.79302112,-73.9419859,-4.0,5,0,2
695,40.73345953,-73.9930934,0.0,4,0,0
696,40.775039,-73.984694,6.0,10,6,0
698,40.77704727,-73.94908789,0.0,0,0,0
707,40.733679,-73.99112,0.0,0,0,0
708,40.7679213,-73.95575696,0.0,4,0,0
709,40.75970082,-73.96174512,0.0,0,0,0
711,40.79977112,-73.940876,0.0,3,0,0
716,40.81539665,-73.94720966,0.0,0,0,0
719,40.73623381,-73.99438663,2.1739130434782608,23,6,1
728,40.801045,-73.967417,0.0,0,0,0
731,40.800218,-73.94512,0.0,0,0,0
735,40.817797,-73.960055,0.0,0,0,0
737,40.758899,-73.965745,0.0,0,0,0
738,40.846088,-73.937905,0.0,0,0,0
740,40.79526387,-73.93390429,0.0,0,0,0
741,40.79444265,-73.96899626,2.0,5,3,2
748,40.78052198,-73.97671676,2.0,5,2,1
749,40.72740497,-74.00117554,0.0,0,0,0
751,40.775117,-73.959104,0.0,0,0,0
759,40.756207,-73.979041,0.0,1,0,0
763,40.7137791,-74.01071936,1.1111111111111112,9,2,1
765,40.86598129,-73.92641901,0.0,5,2,2
767,40.727338,-74.003463,0.0,0,0,0
775,40.7229309,-74.00665034,0.0,0,0,0
776,40.72413306,-74.00616786,0.0,0,0,0
785,40.76583,-73.961084,-2.0,5,3,4
797,40.76485891,-73.9587443,-2.0,5,3,4
798,40.79314618,-73.94592031,0.0,0,0,0
810,40.740467,-73.98291,6.0,5,3,0
817,40.80847472,-73.9469676,0.0,0,0,0
820,40.81172182,-73.95164038,0.0,0,0,0
822,40.839612,-73.937238,0.0,0,0,0
826,40.73910876,-73.98355018,5.0,10,6,1
838,40.740574,-73.983481,6.0,5,3,0
839,40.72502,-73.997251,-4.285714285714286,7,1,4
847,40.85130553,-73.94145789,0.0,0,0,0
848,40.74822976,-73.98424254,1.6666666666666665,6,1,0
853,40.721453,-74.000271,0.0,1,0,0
855,40.849039,-73.939136,0.0,0,0,0
857,40.825384,-73.947363,-2.0,5,2,3
858,40.77981663,-73.95609494,0.0,0,0,0
859,40.79523744,-73.94819239,0.0,0,0,0
862,40.79638333,-73.93499005,0.0,0,0,0
869,40.79972273,-73.96236598,0.0,0,0,0
873,40.79160208,-73.96830302,0.0,0,0,0
878,40.76349115,-73.95898024,-2.0,5,3,4
881,40.78089439,-73.94967517,0.0,0,0,0
882,40.814779,-73.955388,6.0,5,4,1
887,40.82322805,-73.94920709,0.0,0,0,0
890,40.72136816,-73.98663332,0.0,0,0,0
899,40.78790543,-73.97470851,0.0,0,0,0
904,40.810404,-73.947058,0.0,0,0,0
907,40.71775277,-74.000071,0.0,0,0,0
910,40.818239,-73.960598,0.0,0,0,0
921,40.84838,-73.931291,0.0,0,0,0
925,40.79048256,-73.96939657,0.0,0,0,0
931,40.759648,-73.995823,0.0,0,0,0
934,40.714546,-73.991058,0.0,3,0,0
937,40.749256,-73.979974,4.166666666666667,12,7,2
948,40.791435,-73.95217,0.9090909090909092,11,1,0
953,40.749112,-73.975481,0.0,0,0,0
959,40.763852,-73.996197,0.0,0,0,0
960,40.77649734,-73.95288614,0.0,5,0,0
968,40.83420134,-73.94091741,0.0,6,2,2
973,40.761261,-73.962492,0.0,0,0,0
980,40.72660106,-74.00575584,0.0,0,0,0
982,40.848706,-73.937139,0.0,0,0,0
986,40.73662019,-73.97764537,0.0,2,0,0
993,40.76913032,-73.95826047,0.0,6,0,0
998,40.789778,-73.939778,0.0,0,0,0
1003,40.758095,-73.962478,0.0,0,0,0
1007,40.766043,-73.994602,0.0,0,0,0
1008,40.76504721,-73.95951421,-2.0,5,3,4
1009,40.731086,-73.982172,0.0,0,0,0
1021,40.86897291,-73.91719783,0.0,0,0,0
1023,40.733807,-73.988666,6.0,5,3,0
1025,40.814287,-73.955453,6.0,5,4,1
1031,40.73795065,-73.97762225,0.0,2,0,0
1045,40.76642498,-73.95716411,0.0,1,0,0
1047,40.738473,-73.99588,2.6666666666666665,15,4,0
1052,40.846019,-73.938061,0.0,0,0,0
1057,40.858424,-73.93162,0.0,0,0,0
1062,40.734011,-73.98915,6.0,5,3,0
1063,40.77900379,-73.98232928,0.0,0,0,0
1064,40.7445294,-73.97502809,0.0,2,0,0
1066,40.817866,-73.960589,0.0,0,0,0
1085,40.7804751,-73.97675218,0.0,0,0,0
1090,40.79306904,-73.96776114,0.0,0,0,0
1092,40.79184864,-73.96807359,0.0,0,0,0
1096,40.80068007,-73.9660254,0.0,0,0,0
1097,40.7656867,-73.95446337,0.0,6,0,0
1098,40.714581,-73.990115,2.5,8,3,1
1100,40.80658708,-73.94984398,0.0,0,0,0
1103,40.747197,-73.971184,0.0,0,0,0
1113,40.86082125,-73.9305195,0.0,0,0,0
1117,40.72731034,-74.00564716,0.0,0,0,0
1121,40.74202043,-73.97463671,0.0,1,0,0
1129,40.787949,-73.970959,0.0,0,0,0
1135,40.77853626,-73.95352631,0.0,0,0,0
1139,40.7274427,-74.0079508,0.0,0,0,0
1141,40.714048,-73.980535,0.0,0,0,0
1150,40.785303,-73.943048,0.0,1,0,0
1155,40.77453492,-73.95694558,-4.0,5,1,3
1164,40.70439375,-74.00915255,0.0,0,0,0
1174,40.77374047,-73.95753305,-4.0,5,1,3
1182,40.799225,-73.942767,0.0,0,0,0
1190,40.79367063,-73.94299072,-4.0,5,0,2
1199,40.78763536,-73.94477976,0.0,0,0,0
1200,40.794639,-73.969468,0.0,0,0,0
1202,40.742996,-73.977016,0.0,0,0,0
1203,40.84644248,-73.93507507,0.0,5,3,3
1206,40.84595347,-73.93633518,0.0,0,0,0
1207,40.79135878,-73.9444385,0.0,0,0,0
1215,40.740439,-73.982902,6.0,5,3,0
1216,40.857632,-73.932341,0.0,0,0,0
1226,40.867652,-73.921623,0.0,0,0,0
1228,40.77302449,-73.9892555,0.0,0,0,0
1229,40.785852,-73.951207,-2.0,5,0,1
1234,40.7818691,-73.94896995,0.0,0,0,0
1235,40.805644,-73.947229,0.0,0,0,0
1236,40.73578396,-73.99365967,2.1052631578947367,19,5,1
1257,40.79526388,-73.93313947,0.0,0,0,0
1261,40.84936079,-73.9340506,0.0,5,3,3
1262,40.818238,-73.96056,0.0,0,0,0
1264,40.849505,-73.933441,0.0,5,3,3
1266,40.76225884,-73.99341977,0.0,0,0,0
1271,40.82285116,-73.93778807,0.0,0,0,0
1277,40.83967421,-73.93690979,0.0,0,0,0
1278,40.81459338,-73.94033077,3.333333333333333,15,8,3
1288,40.76581883,-73.9603931,-2.0,5,3,4
1294,40.76935684,-73.95809534,0.0,6,0,0
1308,40.71448854,-74.01050017,1.1111111111111112,9,2,1
1312,40.79822,-73.93966,0.0,3,0,0
1315,40.826649,-73.950072,-2.0,5,2,3
1321,40.84631639,-73.93577628,0.0,0,0,0
1322,40.73899414,-73.98329377,5.0,10,6,1
1323,40.763683,-73.9579251,-2.0,5,3,4
1324,40.744643,-73.982952,0.0,2,0,0
1326,40.817902,-73.960559,0.0,0,0,0
1328,40.755774,-73.987304,0.0,0,0,0
1330,40.7091913,-74.00559414,0.0,0,0,0
1331,40.80287444,-73.93401722,2.0,5,2,1
1342,40.750159,-73.988383,0.0,0,0,0
1343,40.740393,-73.982705,6.0,5,3,0
1350,40.779234,-73.95517916,0.0,0,0,0
1355,40.764525,-73.961643,-2.0,5,3,4
1356,40.740712,-74.004997,0.0,0,0,0
1357,40.7984,-73.94134,0.0,0,0,0
1359,40.81207885,-73.9425135,0.0,0,0,0
1360,40.766996,-73.962166,3.0,10,3,0
1368,40.71584635,-73.9961014,0.0,0,0,0
1369,40.848957,-73.933091,0.0,5,3,3
1373,40.810257,-73.962027,1.2903225806451613,31,6,2
1375,40.71576351,-73.98694901,4.0,5,3,1
1376,40.874394,-73.910284,0.0,0,0,0
1383,40.786263,-73.945471,0.0,1,0,0
1389,40.71193,-73.997157,4.0,5,4,2
1393,40.7133501,-74.00401694,0.0,5,0,0
1396,40.816306,-73.946843,0.0,0,0,0
1397,40.75996,-73.976307,3.5,20,7,0
1399,40.71358061,-73.98842029,2.5,8,3,1
1401,40.734292,-73.989278,6.0,5,3,0
1405,40.72434413,-73.98142367,0.0,0,0,0
1406,40.77991633,-73.97716605,0.0,0,0,0
1408,40.778492,-73.97814,0.0,0,0,0
1413,40.74053,-73.983126,6.0,5,3,0
1419,40.810526,-73.952954,0.0,0,0,0
1421,40.816766,-73.959433,0.0,0,0,0
1429,40.77914,-73.977678,0.0,0,0,0
1431,40.84699136,-73.93557265,0.0,5,3,3
1441,40.78517083,-73.94656417,0.0,1,0,0
1447,40.73689391,-73.97883365,0.0,0,0,0
1454,40.82350485,-73.94899929,0.0,0,0,0
1468,40.81037657,-73.95752475,0.0,0,0,0
1469,40.77731663,-73.94891435,0.0,0,0,0
1476,40.746456,-73.99407302,0.0,1,0,0
1480,40.71410473,-73.98274303,0.0,0,0,0
1481,40.79754008,-73.94100518,0.0,0,0,0
1489,40.848154,-73.937273,0.0,0,0,0
1500,40.782626,-73.957392,0.0,0,0,0
1501,40.84612,-73.937989,0.0,0,0,0
1503,40.809145,-73.947971,0.0,0,0,0
1512,40.7973474,-73.96410679,0.0,0,0,0
1517,40.714333,-73.980849,0.0,0,0,0
1521,40.78542055,-73.94960958,-2.0,5,0,1
1526,40.79526473,-73.96562879,2.0,5,3,2
1540,40.7087337,-74.01240787,0.0,1,0,0
1541,40.74613027,-74.00174287,0.0,0,0,0
1542,40.80467,-73.937318,0.0,0,0,0
1543,40.8297631,-73.94415576,0.0,0,0,0
1556,40.81060756,-73.94831281,0.0,0,0,0
1563,40.818417,-73.96075,0.0,0,0,0
1569,40.740459,-73.982888,6.0,5,3,0
1583,40.7641663,-73.95590311,0.0,6,0,0
1585,40.753181,-73.980421,1.4893617021276595,47,13,6
1589,40.75868202,-73.99632283,0.0,0,0,0
1600,40.718477,-73.988524,0.0,1,0,0
1601,40.746253,-73.974972,0.0,2,0,0
1606,40.78224901,-73.9753961,2.0,5,2,1
1607,40.79994749,-73.96478455,0.0,0,0,0
1608,40.78222498,-73.97541248,2.0,5,2,1
1610,40.81835533,-73.94170346,0.0,0,0,0
1631,40.71976119,-73.99163651,0.0,1,0,0
1637,40.73956984,-73.99508372,2.0,5,2,1
1640,40.705246,-74.013884,-2.0,5,2,3
1645,40.70623158,-74.00571511,0.0,0,0,0
1646,40.75125,-73.991027,0.0,0,0,0
1649,40.71453482,-74.01060291,1.1111111111111112,9,2,1
1650,40.78098357,-73.95860383,0.0,0,0,0
1655,40.743692,-73.976834,0.0,0,0,0
1660,40.78024707,-73.97691948,0.0,0,0,0
1661,40.795754,-73.94146,0.0,0,0,0
1666,40.83795036,-73.94180922,0.0,0,0,0
1667,40.713842,-73.97923,0.0,0,0,0
1673,40.80505883,-73.9622005,0.9523809523809523,21,3,1
1674,40.801315,-73.967539,0.0,0,0,0
1682,40.84606,-73.938144,0.0,0,0,0
1685,40.80748598,-73.94918847,0.0,0,0,0
1689,40.743607,-73.979497,4.0,10,6,2
1690,40.778743,-73.960232,0.0,0,0,0
1692,40.74051,-73.983075,6.0,5,3,0
1700,40.78565,-73.948831,0.0,0,0,0
1701,40.72419784,-74.00615734,0.0,0,0,0
1722,40.80403852,-73.93635731,2.0,5,2,1
1723,40.85309028,-73.93544605,0.0,0,0,0
1724,40.78318797,-73.97471545,2.0,5,2,1
1740,40.86040812,-73.9276943,0.0,0,0,0
1746,40.86633428,-73.92529751,0.0,5,2,2
1750,40.75435033,-73.99874385,0.0,0,0,0
1762,40.784024,-73.94402,0.0,1,0,0
1764,40.77765,-73.979101,0.0,0,0,0
1766,40.750882,-73.971271,0.0,0,0,0
1768,40.79328,-73.973033,0.0,0,0,0
1770,40.76113129,-73.95749356,0.0,0,0,0
1774,40.724591,-73.984725,0.0,0,0,0
1775,40.79633636,-73.94763434,0.0,0,0,0
1776,40.71589115,-73.99607397,0.0,0,0,0
1779,40.78477897,-73.97726741,2.0,5,1,0
1782,40.77895527,-73.94800911,0.0,0,0,0
1785,40.71883963,-73.97569939,0.0,0,0,0
1786,40.81394998,-73.95930868,5.0,6,4,1
1787,40.848593,-73.937274,0.0,0,0,0
1793,40.733952,-73.989024,6.0,5,3,0
1799,40.71578519,-73.98693818,4.0,5,3,1
1801,40.7229751,-74.00671284,0.0,0,0,0
1802,40.77968262,-73.95581026,0.0,0,0,0
1813,40.72066968,-73.98699588,0.0,0,0,0
1817,40.71939177,-73.99895054,0.0,0,0,0
1824,40.76592056,-73.95455562,0.0,6,0,0
1825,40.78675276,-73.97582689,0.0,0,0,0
1836,40.8330539,-73.94203469,0.0,0,0,0
1843,40.7141481,-73.98825537,2.5,8,3,1
1846,40.756998,-73.963634,0.0,0,0,0
1847,40.83402949,-73.94131377,0.0,6,2,2
1850,40.743246,-73.993377,0.0,10,0,0
1863,40.74242,-73.991942,0.0,5,0,0
1870,40.759044,-73.996286,0.0,0,0,0
1872,40.76741706,-73.96470932,3.0,10,3,0
1875,40.79373048,-73.96720399,0.0,0,0,0
1876,40.848402,-73.931342,0.0,0,0,0
1882,40.764698,-73.961518,-2.0,5,3,4
1900,40.754525,-73.983614,0.6896551724137931,29,3,1
1901,40.79564202,-73.93430408,0.0,0,0,0
1905,40.78252194,-73.94718045,0.0,0,0,0
1912,40.77896,-73.988409,0.0,0,0,0
1913,40.762288,-73.997337,0.0,0,0,0
1917,40.729598,-73.990157,0.0,5,0,0
1919,40.743287,-73.993463,0.0,10,0,0
1922,40.723086,-73.984089,0.0,0,0,0
1923,40.77503351,-73.98709436,0.0,0,0,0
1928,40.846683,-73.938442,0.0,0,0,0
1929,40.76670819,-73.95975417,0.0,0,0,0
1934,40.804675,-73.955044,0.0,0,0,0
1937,40.815012,-73.943257,0.0,10,3,3
1938,40.801446,-73.959991,0.0,0,0,0
1943,40.81963146,-73.93700357,0.0,0,0,0
1953,40.7134476,-73.99903657,0.0,0,0,0
1961,40.78483982,-73.94974283,0.0,0,0,0
1965,40.767987,-73.989191,0.0,0,0,0
1966,40.72384957,-73.99253725,0.0,0,0,0
1973,40.720977,-73.981644,0.0,0,0,0
1976,40.816518,-73.959204,0.0,0,0,0
1978,40.84947406,-73.93662726,0.0,0,0,0
1981,40.840501,-73.939478,0.0,1,0,0
1986,40.731593,-73.974269,0.0,0,0,0
1991,40.74042,-73.982772,6.0,5,3,0
1992,40.749571,-73.983888,1.6666666666666665,6,1,0
1994,40.72796319,-73.99293137,0.0,0,0,0
1995,40.806072,-73.946539,0.0,0,0,0
2001,40.77088248,-73.95670766,0.0,0,0,0
2002,40.75960731,-73.96490725,0.0,0,0,0
2006,40.755552,-74.001637,0.0,0,0,0
2012,40.740604,-73.983494,6.0,5,3,0
2014,40.7438568,-73.99596277,0.0,10,0,0
2015,40.72983493,-73.98384134,0.0,0,0,0
2019,40.74637901,-74.00156772,0.0,0,0,0
2020,40.84248729,-73.9385806,0.0,0,0,0
2021,40.81569861,-73.93951318,6.0,10,8,2
2023,40.826146,-73.950027,-2.0,5,2,3
2032,40.781557,-73.949222,0.0,0,0,0
2043,40.73470589,-73.97903415,0.0,0,0,0
2045,40.818257,-73.960498,0.0,0,0,0
2052,40.846153,-73.93809,0.0,0,0,0
2056,40.77565408,-73.94746874,0.0,0,0,0
2060,40.79387332,-73.94518257,-4.0,5,0,2
2063,40.77741806,-73.97906922,0.0,0,0,0
2077,40.70579553,-74.006698,0.0,0,0,0
2078,40.85067507,-73.93827895,0.0,0,0,0
2080,40.748796,-74.006557,0.0,0,0,0
2081,40.740449,-73.982923,6.0,5,3,0
2095,40.815332,-73.954692,0.0,0,0,0
2106,40.79692302,-73.96841607,2.0,5,3,2
2107,40.74650132,-73.977398,0.0,1,0,0
2111,40.793125,-73.967899,0.0,0,0,0
2116,40.86604978,-73.92777544,0.0,5,2,2
2117,40.78954884,-73.97919235,0.0,0,0,0
2123,40.81270723,-73.95661099,6.0,5,4,1
2130,40.74497488,-73.97611499,0.0,2,0,0
2148,40.70857202,-74.01232139,0.0,1,0,0
2153,40.83373289,-73.9412566,0.0,6,2,2
2154,40.8303658,-73.9473464,0.0,0,0,0
2156,40.84707056,-73.93688663,0.0,0,0,0
2160,40.767622,-73.96365426,3.0,10,3,0
2181,40.752101,-73.985952,0.0,2,0,0
2187,40.849131,-73.938906,0.0,0,0,0
2190,40.79967143,-73.96414755,0.0,0,0,0
2194,40.7412617,-73.99414531,1.0,10,2,1
2207,40.70862397,-74.01336883,0.0,0,0,0
2217,40.83113158,-73.94168858,0.0,0,0,0
2220,40.740363,-73.982691,6.0,5,3,0
2229,40.7961948,-73.93562488,0.0,0,0,0
2238,40.797227,-73.938034,0.0,0,0,0
2247,40.80025454,-73.94053498,0.0,3,0,0
2259,40.77772397,-73.94891314,0.0,0,0,0
2261,40.79981614,-73.94060325,0.0,3,0,0
2262,40.79384091,-73.94921049,0.0,1,0,0
2263,40.71388157,-74.01076381,1.1111111111111112,9,2,1
2267,40.836701,-73.942714,0.0,0,0,0
2272,40.714717,-73.982276,0.0,0,0,0
2273,40.795281,-73.965902,2.0,5,3,2
2277,40.712873,-74.007491,0.0,5,0,0
2280,40.81783043,-73.93999844,0.0,0,0,0
2282,40.8054038,-73.96222954,0.9523809523809523,21,3,1
2291,40.78772448,-73.9447139,0.0,0,0,0
2304,40.85515724,-73.93781336,0.0,0,0,0
2305,40.70736288,-74.01392066,0.0,0,0,0
2308,40.79839918,-73.95215659,0.0,0,0,0
2311,40.723327,-73.979525,0.0,0,0,0
2315,40.779187,-73.954557,0.0,0,0,0
2320,40.810327,-73.952755,0.0,0,0,0
2322,40.730491,-73.980793,0.0,0,0,0
2330,40.833248,-73.941895,0.0,0,0,0
2332,40.73566329,-73.98745817,6.0,5,3,0
2333,40.85105522,-73.93857827,0.0,0,0,0
2340,40.828136,-73.945634,0.0,0,0,0
2345,40.740549,-73.983111,6.0,5,3,0
2348,40.77177306,-73.9830486,0.0,6,1,1
2360,40.81510419,-73.94543364,0.0,0,0,0
2363,40.74052,-73.983101,6.0,5,3,0
2365,40.85545963,-73.93668229,0.0,0,0,0
2367,40.843817,-73.939205,0.0,0,0,0
2370,40.817786,-73.960676,0.0,0,0,0
2376,40.816488,-73.95385,0.0,0,0,0
2394,40.78063118,-73.94993069,0.0,0,0,0
2395,40.841932,-73.942465,0.0,6,0,0
2401,40.821589,-73.93871,0.0,0,0,0
2407,40.78696542,-73.94216682,0.0,0,0,0
2416,40.72672785,-74.00548779,0.0,0,0,0
2422,40.73173109,-73.98209625,0.0,0,0,0
2423,40.7349002,-73.98986796,6.0,5,3,0
2428,40.71466164,-74.01088016,1.1111111111111112,9,2,1
2440,40.78018761,-73.97696186,0.0,0,0,0
2442,40.79168867,-73.97087044,0.0,0,0,0
2449,40.74040037,-73.97583533,0.0,0,0,0
2454,40.747484,-74.003906,0.0,0,0,0
2456,40.818597,-73.952599,0.0,0,0,0
2461,40.79531097,-73.93350235,0.0,0,0,0
2468,40.759569,-73.97421,6.0,5,3,0
2476,40.734191,-73.990998,0.0,0,0,0
2478,40.73852291,-73.98268346,4.0,5,3,1
2488,40.76761922,-73.9590882,0.0,2,0,0
2489,40.740539,-73.983087,6.0,5,3,0
2496,40.74043669,-73.98601534,0.0,5,0,0
2501,40.764444,-73.9614,-2.0,5,3,4
2504,40.80254953,-73.93866722,0.0,0,0,0
2506,40.80090803,-73.93923774,0.0,3,0,0
2512,40.816346,-73.959047,0.0,0,0,0
2522,40.85076563,-73.93419218,0.0,0,0,0
2525,40.74048706,-73.99023075,0.0,0,0,0
2529,40.78460724,-73.97755679,2.0,5,1,0
2530,40.804584,-73.937761,0.0,0,0,0
2533,40.729385,-73.987556,1.6666666666666665,6,1,0
2535,40.74260619,-73.99659172,0.0,5,0,0
2537,40.72786523,-73.97857428,4.0,5,3,1
2540,40.76428327,-73.95730756,0.0,0,0,0
2543,40.78285969,-73.94824532,0.0,0,0,0
2545,40.747305,-73.981637,0.0,0,0,0
2553,40.734526,-73.979947,0.0,0,0,0
2554,40.78643944,-73.97571766,0.0,0,0,0
2560,40.78112637,-73.94922291,0.0,0,0,0
2561,40.725721,-73.977787,0.0,0,0,0
2565,40.706626,-74.012735,0.0,0,0,0
2569,40.71428862,-73.99451427,4.0,5,4,2
2571,40.846094,-73.938206,0.0,0,0,0
2572,40.790421,-73.945353,0.0,0,0,0
2574,40.75313252,-73.99590428,0.0,0,0,0
2586,40.778577,-73.981293,0.0,0,0,0
2589,40.77924513,-73.95520532,0.0,0,0,0
2593,40.795033,-73.972949,0.0,0,0,0
2595,40.848543,-73.937708,0.0,0,0,0
2598,40.85502541,-73.92941096,0.0,0,0,0
2599,40.82755415,-73.94986499,0.0,0,0,0
2609,40.802318,-73.950116,0.0,0,0,0
2610,40.82986917,-73.94437056,0.0,0,0,0
2613,40.800386,-73.960101,0.0,0,0,0
2614,40.78509298,-73.974695,0.0,0,0,0
2621,40.846171,-73.938168,0.0,0,0,0
2623,40.81837731,-73.94103014,0.0,0,0,0
2631,40.720667,-73.997649,0.0,0,0,0
2640,40.715635,-74.01133,0.0,5,1,1
2646,40.750679,-73.986985,0.0,0,0,0
2647,40.84910576,-73.93344257,0.0,5,3,3
2648,40.72603419,-73.97778892,0.0,0,0,0
2652,40.849498,-73.935316,0.0,0,0,0
2658,40.82788206,-73.94916112,0.0,1,0,0
2665,40.771796,-73.958979,0.0,0,0,0
2668,40.72688426,-74.0054641,0.0,0,0,0
2670,40.71325219,-73.98266966,0.0,0,0,0
2671,40.72287623,-73.97648142,0.0,0,0,0
2672,40.809417,-73.940173,0.0,0,0,0
2684,40.7617196,-73.96630316,0.0,0,0,0
2685,40.77065593,-73.95715128,0.0,0,0,0
2692,40.77686907,-73.98275562,0.0,0,0,0
2699,40.8759214,-73.90814374,0.0,0,0,0
2700,40.81278603,-73.9565518,6.0,5,4,1
2709,40.86281135,-73.91999491,0.0,0,0,0
2710,40.78937037,-73.97364606,0.0,0,0,0
2730,40.787021,-73.953924,0.0,0,0,0
2739,40.759352,-73.967698,0.0,0,0,0
2743,40.79371394,-73.967175,0.0,0,0,0
2745,40.79932744,-73.93886295,0.0,3,0,0
2750,40.73338283,-73.9807945,0.0,0,0,0
2763,40.71693265,-74.01216767,-4.0,5,0,2
2768,40.817285,-73.95686808,0.0,0,0,0
2775,40.733262,-73.995739,0.0,4,0,0
2780,40.79164471,-73.97076281,0.0,0,0,0
2781,40.78042808,-73.97678393,0.0,0,0,0
2782,40.73399819,-73.97735742,0.0,0,0,0
2783,40.74423487,-73.97304164,0.0,2,0,0
2784,40.79231182,-73.94057128,0.0,0,0,0
2796,40.778002,-73.945467,0.0,0,0,0
2799,40.79354828,-73.94912055,0.0,1,0,0
2802,40.79446883,-73.96906973,2.0,5,3,2
2818,40.778448,-73.978986,0.0,0,0,0
2820,40.804647,-73.941372,0.0,0,0,0
2823,40.76614397,-73.98956172,-6.0,5,0,3
2828,40.79033,-73.97289787,0.0,0,0,0
2829,40.74494801,-73.99789622,0.0,5,0,0
2832,40.8313853,-73.94229441,0.0,0,0,0
2837,40.740431,-73.9828,6.0,5,3,0
2841,40.743262,-73.992345,0.0,5,0,0
2847,40.7154085,-73.98712728,4.0,5,3,1
2852,40.79387503,-73.96664678,0.0,0,0,0
2856,40.788334,-73.953231,0.0,5,0,0
2863,40.77429627,-73.9846443,5.454545454545454,11,6,0
2870,40.84934379,-73.93401038,0.0,5,3,3
2872,40.74691503,-73.98346642,2.0,5,1,0
2881,40.77692,-73.97960778,0.0,0,0,0
2884,40.810085,-73.943985,0.0,0,0,0
2892,40.83014518,-73.93983688,0.0,0,0,0
2895,40.7741253,-73.98132723,0.0,0,0,0
2899,40.78993808,-73.97553046,0.0,0,0,0
2903,40.816384,-73.959077,0.0,0,0,0
2907,40.8490877,-73.93340086,0.0,5,3,3
2919,40.8480196,-73.93619494,0.0,5,3,3
2921,40.79422753,-73.96839814,2.0,5,3,2
2928,40.84579987,-73.94025002,0.0,0,0,0
2929,40.737652,-73.99739,2.5,4,1,0
2933,40.740592,-73.983464,6.0,5,3,0
2934,40.74336708,-73.97226678,0.0,0,0,0
2935,40.7955887,-73.93262871,0.0,0,0,0
2942,40.805404,-73.934049,0.0,0,0,0
2947,40.77900801,-73.95466388,0.0,0,0,0
2948,40.86001574,-73.9293117,0.0,0,0,0
2954,40.71333,-73.998799,4.0,5,4,2
2967,40.78150385,-73.96008459,0.0,0,0,0
2971,40.818227,-73.960445,0.0,0,0,0
2985,40.843297,-73.938288,0.0,0,0,0
2988,40.83359085,-73.94135979,0.0,6,2,2
2991,40.83298181,-73.94536087,5.0,10,5,0
3000,40.80236233,-73.94824593,0.0,0,0,0
3001,40.80594302,-73.94087412,0.0,0,0,0
3010,40.70741171,-74.01389904,0.0,0,0,0
3012,40.79326383,-73.96708844,0.0,0,0,0
3021,40.71551968,-73.97691116,0.0,0,0,0
3028,40.713687,-73.97872,0.0,0,0,0
3031,40.83213361,-73.94272111,0.0,0,0,0
3036,40.8049458,-73.95509907,0.0,0,0,0
3045,40.86271399,-73.92559917,0.0,0,0,0
3048,40.8047229,-73.93849742,0.0,0,0,0
3055,40.77987,-73.960709,0.0,0,0,0
3067,40.707252,-74.00454776,0.0,0,0,0
3068,40.80534028,-73.93950111,0.0,0,0,0
3075,40.79400059,-73.94508973,-4.0,5,0,2
3077,40.80454,-73.937625,0.0,0,0,0
3079,40.77146792,-73.9832699,0.0,6,1,1
3081,40.786707,-73.972454,0.0,0,0,0
3087,40.71405214,-74.01113316,1.1111111111111112,9,2,1
3089,40.77607597,-73.95319376,0.0,5,0,0
3098,40.740381,-73.982676,6.0,5,3,0
3103,40.80614952,-73.96502942,1.3043478260869565,23,7,4
3104,40.847097,-73.935491,0.0,5,3,3
3105,40.71429655,-73.99441837,0.0,0,0,0
3106,40.8065235,-73.95370962,0.0,0,0,0
3116,40.751085,-73.974122,0.0,1,0,0
3124,40.77872609,-73.95097891,0.0,0,0,0
3128,40.755566,-74.001677,0.0,0,0,0
3136,40.71289025,-73.99224939,0.0,0,0,0
3149,40.748463,-74.006253,0.0,0,0,0
